"Team","Position","Name","Games played","Goals scored","Interceptions","Recoveries","Passes"
"Athletic Club","Goalkeeper","Hodei Oleaga","0","0","2","0","1"
"Athletic Club","Midfielder","Iñigo Vicente","7","2","1","0","1"
"Athletic Club","Goalkeeper","A. Remiro","7","0","1","0","0"
"FC Barcelona","Goalkeeper","Iñaki Peña","5","0","2","0","1"
"FC Barcelona","Defender","Guillem Jaime","5","1","0","0","1"
"Real Madrid","Defender","Adrián de la Fuente","8","2","1","0","0"
"Real Madrid","Midfielder","Álvaro Fidalgo","2","2","2","0","1"
"FC Barcelona","Defender","Juan Miranda","3","1","2","0","0"
"Real Madrid","Midfielder","Jaume Grau","3","2","1","0","0"
"Real Madrid","Defender","Francisco Garcia","2","1","2","0","1"
"Real Madrid","Defender","Javi Sánchez","9","0","3","1","9"
"Athletic Club","Forward","Gorka Guruzeta","2","1","9","2","10"
"Real Madrid","Forward","Mariano","19","7","0","2","98"
"FC Barcelona","Forward","Kevin-Prince Boateng","1","1","7","4","50"
"Real Madrid","Forward","Cristo González","5","2","10","3","11"
"FC Barcelona","Defender","Jeison Murillo","9","0","2","3","115"
"Athletic Club","Forward","Kenan Kodro","20","0","8","6","40"
"Athletic Club","Defender","I. Lekue","2","1","5","7","78"
"Athletic Club","Midfielder","Iturraspe","0","2","12","8","90"
"FC Barcelona","Midfielder","Rafinha","3","2","1","14","119"
"Real Madrid","Midfielder","Brahim Díaz","2","2","2","19","170"
"Real Madrid","Goalkeeper","Luca Zidane","7","0","1","11","46"
"FC Barcelona","Defender","Todibo","3","0","2","14","127"
"Athletic Club","Forward","Aduriz","13","1","7","18","225"
"Athletic Club","Midfielder","Mikel Rico","0","0","1","12","103"
"Real Madrid","Defender","Vallejo","5","1","5","40","166"
"FC Barcelona","Forward","Malcom","20","1","1","25","304"
"FC Barcelona","Defender","Vermaelen","10","1","5","23","389"
"Athletic Club","Midfielder","Unai López","8","2","0","28","244"
"Atlético de Madrid","Defender","Manuel Sánchez","0","2","3","1","0"
"Atlético de Madrid","Midfielder","Cristian Rodríguez","0","2","2","1","0"
"Atlético de Madrid","Midfielder","Joaquín Muñoz","1","0","2","0","1"
"Atlético de Madrid","Midfielder","Borja Garcés","1","1","0","1","4"
"Atlético de Madrid","Midfielder","Mikel Carro","0","1","2","0","0"
"Atlético de Madrid","Midfielder","Gustavo Assunção","0","0","1","1","0"
"Atlético de Madrid","Goalkeeper","Adán","1","0","2","0","22"
"Atlético de Madrid","Defender","Nehuen Pérez","0","2","2","0","0"
"Atlético de Madrid","Midfielder","Victor Mollejo","4","1","2","0","23"
"Atlético de Madrid","Goalkeeper","Alex Dos Santos","0","0","0","5","0"
"Atlético de Madrid","Midfielder","Sergio Camello","1","2","2","4","9"
"Atlético de Madrid","Defender","Andrés Solano","1","1","0","5","26"
"Atlético de Madrid","Forward","Kalinić","17","1","7","9","107"
"Atlético de Madrid","Defender","Francisco Montero","9","0","6","16","160"
"Atlético de Madrid","Forward","Diego Costa","16","2","7","22","300"
"Atlético de Madrid","Forward","Morata","15","6","7","33","256"
"Atlético de Madrid","Forward","Vitolo","20","1","3","55","308"
"Atlético de Madrid","Defender","L. Hernández","14","1","17","67","509"
"Atlético de Madrid","Defender","J. M. Giménez","21","0","42","70","718"
"Atlético de Madrid","Defender","Savić","18","0","22","77","544"
"Atlético de Madrid","Defender","Arias","25","1","30","91","790"
"Atlético de Madrid","Forward","Lemar","31","3","15","104","938"
"Atlético de Madrid","Forward","Griezmann","37","15","18","112","1.388"
"Atlético de Madrid","Forward","Correa","36","3","12","114","714"
"Atlético de Madrid","Defender","Juanfran","22","0","20","135","770"
"Atlético de Madrid","Defender","Godín","30","3","42","134","1.047"
"Atlético de Madrid","Midfielder","Thomas","32","3","54","145","1.327"
"Atlético de Madrid","Defender","Filipe Luis","27","2","43","147","1.287"
"Atlético de Madrid","Midfielder","Koke","30","3","30","192","1.941"
"Atlético de Madrid","Midfielder","Saúl","33","4","41","195","1.483"
"Atlético de Madrid","Goalkeeper","Oblak ","37","0","2","279","759"
"Atlético de Madrid","Midfielder","Rodrigo","34","3","41","280","1.927"
"CD Leganés","Goalkeeper","Cuéllar","34","0","2","316","984"
"CD Leganés","Goalkeeper","Andrés","0","0","0","0","0"
"CD Leganés","Goalkeeper","Andriy Lunin","5","0","0","31","105"
"CD Leganés","Goalkeeper","David Tejero","0","0","0","0","0"
"CD Leganés","Defender","Juanfran","23","1","19","76","456"
"CD Leganés","Defender","Bustinza M.","25","0","53","101","866"
"CD Leganés","Defender","Diego Reyes","6","0","7","20","168"
"CD Leganés","Defender","J. Silva","30","3","29","144","887"
"CD Leganés","Defender","Nyom","23","1","20","90","491"
"CD Leganés","Defender","Kravets","6","0","4","30","165"
"CD Leganés","Defender","R. Tarín","18","0","31","61","468"
"CD Leganés","Defender","Muñoz","3","0","1","9","115"
"CD Leganés","Defender","Siovas","34","1","65","221","1.35"
"CD Leganés","Defender","K. Omeruo","28","0","37","134","963"
"CD Leganés","Midfielder","Óscar","31","4","17","138","950"
"CD Leganés","Midfielder","Gumbau","16","1","13","61","399"
"CD Leganés","Midfielder","Recio","18","1","14","93","651"
"CD Leganés","Midfielder","El Zhar","27","4","4","53","258"
"CD Leganés","Midfielder","Szymanowski","1","2","0","2","5"
"CD Leganés","Midfielder","Eraso","13","0","7","31","208"
"CD Leganés","Midfielder","Rubén Pérez J.","31","0","41","225","1.347"
"CD Leganés","Midfielder","Vesga","26","0","39","155","785"
"CD Leganés","Midfielder","Javier Avilés","0","2","0","0","0"
"CD Leganés","Forward","Youssef En-Nesyri","31","9","8","71","465"
"CD Leganés","Forward","Carrillo","32","6","8","58","640"
"CD Leganés","Forward","Jose Arnáiz","6","2","2","5","30"
"CD Leganés","Forward","Sabin Merino","12","2","0","7","88"
"CD Leganés","Forward","Santos","16","0","1","20","94"
"CD Leganés","Forward","Braithwaite","19","4","3","45","241"
"D. Alavés","Goalkeeper","Pacheco","35","0","1","275","956"
"D. Alavés","Goalkeeper","Sivera","3","0","0","32","88"
"D. Alavés","Goalkeeper","Álex Domínguez","0","0","0","0","0"
"D. Alavés","Defender","Vigaray","8","0","6","24","154"
"D. Alavés","Defender","R. Duarte","33","0","57","148","920"
"D. Alavés","Defender","Ely","5","0","7","21","160"
"D. Alavés","Defender","Laguardia","36","1","55","147","1.267"
"D. Alavés","Defender","Maripán","23","2","40","89","708"
"D. Alavés","Defender","Ximo Navarro","31","2","47","150","823"
"D. Alavés","Defender","Adrián Marín","6","0","7","15","82"
"D. Alavés","Defender","Martín","27","0","26","116","720"
"D. Alavés","Midfielder","Álex Blanco","2","2","0","2","6"
"D. Alavés","Midfielder","T. Pina","28","1","41","219","1.054"
"D. Alavés","Midfielder","Inui","20","1","5","68","347"
"D. Alavés","Midfielder","Manu","34","0","24","190","933"
"D. Alavés","Midfielder","Darko","24","2","13","109","619"
"D. Alavés","Midfielder","M. Wakaso","29","0","16","138","635"
"D. Alavés","Midfielder","Jony","36","5","23","186","778"
"D. Alavés","Midfielder","Paulino De la Fuente","0","2","0","0","0"
"D. Alavés","Midfielder","Andrei Lupu","0","1","0","0","0"
"D. Alavés","Forward","Rolan","15","2","4","41","166"
"D. Alavés","Forward","Guidetti","22","0","2","16","143"
"D. Alavés","Forward","Calleri","34","9","7","86","689"
"D. Alavés","Forward","Burgui","16","1","0","38","197"
"D. Alavés","Forward","Borja","27","5","4","40","314"
"D. Alavés","Forward","Twumasi","11","1","1","11","55"
"Athletic Club","Defender","Balenziaga","17","1","3","30","186"
"Athletic Club","Midfielder","Nolaskoain","9","0","12","37","253"
"Real Madrid","Forward","Vinicius","11","0","9","24","262"
"FC Barcelona","Goalkeeper","Cillessen","8","0","1","37","101"
"FC Barcelona","Midfielder","Aleñá","15","0","0","39","555"
"Real Madrid","Forward","Bale","28","5","20","29","762"
"Real Madrid","Midfielder","M. Llorente","1","1","7","43","371"
"Athletic Club","Goalkeeper","Unai Simón","8","0","1","56","170"
"Athletic Club","Defender","Núñez","16","1","31","49","555"
"Real Madrid","Midfielder","Valverde","14","2","14","56","384"
"Real Madrid","Midfielder","Isco","25","4","9","73","903"
"FC Barcelona","Forward","Suárez","37","18","2","69","942"
"Real Madrid","Defender","Odriozola","15","2","13","76","643"
"FC Barcelona","Forward","Messi","33","35","1","66","1672"
"Real Madrid","Forward","Benzema","33","18","4","77","1315"
"Athletic Club","Midfielder","Susaeta","29","1","9","68","500"
"FC Barcelona","Forward","O. Dembélé","24","3","9","69","890"
"FC Barcelona","Defender","Umtiti","14","2","13","69","892"
"FC Barcelona","Midfielder","Coutinho","36","5","10","72","1004"
"Real Madrid","Goalkeeper","Navas","9","0","2","74","207"
"Real Madrid","Forward","L. Vázquez","35","0","18","68","757"
"Real Madrid","Defender","Reguilón","19","2","20","69","756"
"Athletic Club","Midfielder","Capa","22","1","24","75","749"
"Real Madrid","Midfielder","Asensio","28","2","19","63","912"
"Athletic Club","Forward","Williams","35","10","7","87","741"
"Real Madrid","Midfielder","D. Ceballos","26","3","15","86","852"
"Getafe CF","Goalkeeper","Chichizola","1","0","0","9","24"
"Getafe CF","Goalkeeper","David Soria","37","0","1","366","1.037"
"Getafe CF","Goalkeeper","R. Yáñez","0","0","0","0","0"
"Getafe CF","Defender","Djené","34","0","74","265","974"
"Getafe CF","Defender","Antunes","28","1","43","151","789"
"Getafe CF","Defender","Bruno","23","0","22","89","500"
"Getafe CF","Defender","Cabrera","32","2","52","137","960"
"Getafe CF","Defender","Olivera","14","0","10","66","315"
"Getafe CF","Defender","Miquel","7","0","5","21","91"
"Getafe CF","Defender","Damián Suárez","36","0","46","246","1.323"
"Getafe CF","Defender","Foulquier","25","3","20","104","398"
"Getafe CF","Defender","Miguel Ángel Rubio","0","0","0","0","0"
"Getafe CF","Midfielder","M. Bergara","3","2","1","5","17"
"Getafe CF","Midfielder","Portillo","32","1","17","132","749"
"Getafe CF","Midfielder","Gaku","7","0","3","32","116"
"Getafe CF","Midfielder","Samu Sáiz","10","1","0","19","132"
"Getafe CF","Midfielder","S. Cristóforo","15","0","9","27","143"
"Getafe CF","Midfielder","Mathieu Flamini","10","0","5","28","135"
"Getafe CF","Midfielder","Arambarri","33","2","30","166","739"
"Getafe CF","Midfielder","Maksimovic","36","2","71","166","769"
"Getafe CF","Midfielder","Hugo Duro","11","1","3","18","59"
"Getafe CF","Forward","Mata","34","14","17","100","649"
"Getafe CF","Forward","Ángel ","37","8","8","59","317"
"Getafe CF","Forward","Jorge Molina","38","14","7","98","735"
"Girona FC","Goalkeeper","J. Suárez","0","0","0","0","0"
"Girona FC","Goalkeeper","Iraizoz","7","0","1","64","187"
"Girona FC","Goalkeeper","Bono","32","0","1","263","849"
"Girona FC","Defender","Bernardo","31","1","41","128","1.392"
"Girona FC","Defender","Johan Mojica","1","0","0","1","6"
"Girona FC","Defender","Ramalho","22","1","16","83","716"
"Girona FC","Defender","Alcalá","25","1","36","106","863"
"Girona FC","Defender","Aday Benítez","10","0","7","24","219"
"Girona FC","Defender","Raúl C.","15","0","18","68","424"
"Girona FC","Defender","Juanpe","33","0","57","140","1.548"
"Girona FC","Defender","Muniesa","19","0","37","93","765"
"Girona FC","Defender","Planas","7","0","4","25","184"
"Girona FC","Defender","Èric Montes","0","0","0","0","0"
"Girona FC","Midfielder","Kevin Soni","5","2","1","7","22"
"Girona FC","Midfielder","Paik","3","0","3","3","20"
"Girona FC","Midfielder","Yhoan Andzouana","0","2","0","0","0"
"Girona FC","Midfielder","Granell","32","0","35","164","1.306"
"Girona FC","Midfielder","Pere Pons","34","0","35","178","1.184"
"Girona FC","Midfielder","Borja García","33","2","38","206","1.288"
"Girona FC","Midfielder","Douglas Luiz","23","1","21","136","728"
"Girona FC","Midfielder","Roberts","19","0","3","23","174"
"Girona FC","Midfielder","Aleix García","31","0","21","120","1.073"
"Girona FC","Midfielder","Pedro Porro","32","1","39","179","865"
"Girona FC","Midfielder","Valery Fernández","17","0","8","52","279"
"Girona FC","Midfielder","Álex Pachón","0","0","0","0","0"
"Girona FC","Forward","Stuani","32","19","4","60","503"
"Girona FC","Forward","Portu","34","9","9","104","621"
"Girona FC","Forward","Lozano","20","2","0","28","180"
"Girona FC","Forward","Doumbia","17","1","3","16","70"
"Levante UD","Goalkeeper","Koke","1","0","0","6","20"
"Levante UD","Goalkeeper","Oier","21","0","1","184","478"
"Levante UD","Goalkeeper","Aitor Fdez.","16","0","1","148","374"
"Levante UD","Defender","Jordi","0","0","0","0","0"
"Levante UD","Defender","Toño","21","1","14","107","635"
"Levante UD","Defender","Rober Pier","33","1","51","191","1.095"
"Levante UD","Defender","Chema R.","19","2","19","51","371"
"Levante UD","Defender","Coke","27","4","40","113","746"
"Levante UD","Defender","Rubén Vezo","19","2","21","77","583"
"Levante UD","Defender","Postigo","21","1","20","75","493"
"Levante UD","Defender","E. Cabaco","21","2","29","69","695"
"Levante UD","Defender","Pedro López","8","0","8","26","175"
"Levante UD","Defender","Antonio Luna","16","0","15","99","477"
"Levante UD","Midfielder","Doukouré C.","9","2","3","15","109"
"Levante UD","Midfielder","Bardhi","36","3","31","198","1.103"
"Levante UD","Midfielder","J. Morales","37","12","12","128","695"
"Levante UD","Midfielder","Rochina","27","4","21","130","941"
"Levante UD","Midfielder","Vukčević","16","0","10","39","244"
"Levante UD","Midfielder","Jason","30","1","47","139","650"
"Levante UD","Midfielder","J. Campaña","36","4","48","268","1.857"
"Levante UD","Midfielder","Fran Manzanara","4","0","1","5","67"
"Levante UD","Midfielder","Arturo Molina","0","2","0","0","0"
"Levante UD","Forward","B. Mayoral","29","3","6","64","387"
"Levante UD","Forward","Moses","19","0","12","47","213"
"Levante UD","Forward","Roger","31","13","4","48","347"
"Levante UD","Forward","Dwamena","12","0","0","5","41"
"R. Valladolid CF","Goalkeeper","Masip","35","0","1","316","983"
"R. Valladolid CF","Goalkeeper","Yoel","3","0","0","27","92"
"R. Valladolid CF","Defender","Joaquín","13","1","17","36","308"
"R. Valladolid CF","Defender","Moisés","3","0","3","12","74"
"R. Valladolid CF","Defender","K. Olivas","35","0","46","201","1.349"
"R. Valladolid CF","Defender","Calero","36","1","55","160","1.45"
"R. Valladolid CF","Defender","Moyano","27","0","25","110","714"
"R. Valladolid CF","Defender","Antoñito","30","2","18","84","650"
"R. Valladolid CF","Defender","Nacho","35","1","45","183","1.378"
"R. Valladolid CF","Defender","Salisu","0","0","0","0","0"
"R. Valladolid CF","Defender","Roberto Corral","0","0","0","0","0"
"R. Valladolid CF","Defender","Javier Aparicio","0","0","0","0","0"
"R. Valladolid CF","Midfielder","Hervías","6","1","2","14","99"
"R. Valladolid CF","Midfielder","Luismi","0","0","0","0","0"
"R. Valladolid CF","Midfielder","Waldo","8","1","1","24","130"
"R. Valladolid CF","Midfielder","Borja","19","0","14","55","379"
"R. Valladolid CF","Midfielder","Óscar Plano","33","3","22","132","771"
"R. Valladolid CF","Midfielder","Verde","22","1","7","32","232"
"R. Valladolid CF","Midfielder","Rubén Alcaraz","34","3","38","268","1.712"
"R. Valladolid CF","Midfielder","Toni","26","2","12","108","551"
"R. Valladolid CF","Midfielder","Míchel","35","1","43","228","1.604"
"R. Valladolid CF","Midfielder","Anuar","19","0","11","53","395"
"R. Valladolid CF","Midfielder","Keko Gontán","26","1","14","91","416"
"R. Valladolid CF","Midfielder","Miguel De la Fuente","2","1","1","0","6"
"R. Valladolid CF","Midfielder","Pablo Muñoz","0","1","0","0","0"
"R. Valladolid CF","Midfielder","Hacen","1","1","1","2","2"
"R. Valladolid CF","Forward","Enes Ünal","33","6","2","67","524"
"R. Valladolid CF","Forward","Sergi Guardiola","20","3","5","41","357"
"R. Valladolid CF","Forward","Duje Cop","18","1","3","15","169"
"R. Valladolid CF","Forward","Stiven ","2","0","0","0","6"
"Rayo Vallecano","Goalkeeper","Alberto G.","17","0","2","142","471"
"Rayo Vallecano","Goalkeeper","Dimitrievski","21","0","0","203","525"
"Rayo Vallecano","Goalkeeper","Miguel Ángel Morro","0","0","0","0","0"
"Rayo Vallecano","Defender","Alejandro Catena","2","0","8","7","99"
"Rayo Vallecano","Defender","Sergio Akieme","2","0","1","8","65"
"Rayo Vallecano","Defender","Tito L. V.","15","0","17","52","491"
"Rayo Vallecano","Defender","Álex Moreno","36","1","41","206","1.1"
"Rayo Vallecano","Defender","Amat","31","0","44","147","1.282"
"Rayo Vallecano","Defender","Advíncula","28","1","19","131","939"
"Rayo Vallecano","Defender","E. Velázquez","18","0","47","78","505"
"Rayo Vallecano","Defender","A. Ba","26","1","29","154","1.049"
"Rayo Vallecano","Defender","Gálvez","17","1","45","111","686"
"Rayo Vallecano","Defender","Martín Pascual","0","0","0","0","0"
"Rayo Vallecano","Defender","Luis Meseguer","0","0","0","0","0"
"Rayo Vallecano","Midfielder","Santi Comesaña","25","2","30","137","1.067"
"Rayo Vallecano","Midfielder","Uche","6","2","6","22","202"
"Rayo Vallecano","Midfielder","Medrán","21","3","18","93","727"
"Rayo Vallecano","Midfielder","Gorka","5","1","6","14","142"
"Rayo Vallecano","Midfielder","Kakuta","12","0","10","36","231"
"Rayo Vallecano","Midfielder","Giannelli Imbula","22","0","8","88","710"
"Rayo Vallecano","Midfielder","Bebé","29","0","10","84","409"
"Rayo Vallecano","Midfielder","Mario Suárez","14","1","14","92","578"
"Rayo Vallecano","Midfielder","Álvaro","35","4","19","91","419"
"Rayo Vallecano","Midfielder","Pozo","29","3","4","75","707"
"Rayo Vallecano","Midfielder","Franco Di Santo","6","0","0","4","36"
"Rayo Vallecano","Midfielder","Manuel Navarro","0","1","0","0","0"
"Rayo Vallecano","Midfielder","Ángel Algobia","0","2","0","0","0"
"Rayo Vallecano","Forward","M. L. S. Trejo","26","2","18","121","840"
"Rayo Vallecano","Forward","R. D. T.","33","14","9","70","460"
"Rayo Vallecano","Forward","Embarba","36","5","28","127","583"
"Rayo Vallecano","Forward","Lass B.","0","0","0","0","0"
"Rayo Vallecano","Forward","Javi Guerra","8","1","1","9","74"
"Rayo Vallecano","Forward","Sergio Moreno","1","0","0","0","2"
"RC Celta","Goalkeeper","Sergio A.","13","0","0","115","411"
"RC Celta","Goalkeeper","Rubén Blanco","25","0","2","182","701"
"RC Celta","Goalkeeper","Iván Villar","0","0","0","0","0"
"RC Celta","Defender","Lucas Olaza","10","0","8","48","372"
"RC Celta","Defender","Hugo Mallo","35","1","50","169","1.491"
"RC Celta","Defender","David Costas","15","0","18","63","682"
"RC Celta","Defender","Araújo","32","3","35","127","1.491"
"RC Celta","Defender","Wesley Hoedt","10","0","11","46","489"
"RC Celta","Defender","Juncà","21","0","35","91","830"
"RC Celta","Defender","Vázquez","4","0","2","13","92"
"RC Celta","Defender","G. Cabral","24","0","33","96","908"
"RC Celta","Midfielder","Okay","30","1","37","191","1.387"
"RC Celta","Midfielder","Radoja","0","2","0","0","0"
"RC Celta","Midfielder","Emre Mor","10","0","3","20","83"
"RC Celta","Midfielder","F. Beltrán","30","1","19","100","859"
"RC Celta","Midfielder","Lobotka","31","2","26","166","1.404"
"RC Celta","Midfielder","Hjulsager","15","1","2","21","109"
"RC Celta","Midfielder","Jensen","6","1","4","19","78"
"RC Celta","Midfielder","Boufal","35","3","10","124","801"
"RC Celta","Midfielder","Jozabed","20","2","9","81","703"
"RC Celta","Midfielder","B. Méndez","31","6","24","133","1.113"
"RC Celta","Midfielder","Boudebouz","20","0","8","53","660"
"RC Celta","Forward","M. Gómez","35","13","2","79","673"
"RC Celta","Forward","Iago Aspas","27","20","17","97","868"
"RC Celta","Forward","Sisto","25","0","3","54","427"
"RCD Espanyol","Goalkeeper","Roberto","0","0","0","0","0"
"RCD Espanyol","Goalkeeper","Diego López","38","0","2","283","1.068"
"RCD Espanyol","Defender","Lluís López","6","0","7","21","244"
"RCD Espanyol","Defender","Naldo","16","1","26","77","600"
"RCD Espanyol","Defender","O. Duarte","11","0","13","35","333"
"RCD Espanyol","Defender","Roberto Rosales ","21","3","22","114","913"
"RCD Espanyol","Defender","Dídac Vilà","27","0","54","130","1.111"
"RCD Espanyol","Defender","Javi López","23","0","40","113","850"
"RCD Espanyol","Defender","Hermoso","32","3","38","182","1.61"
"RCD Espanyol","Defender","Adrià Pedrosa","12","1","8","41","228"
"RCD Espanyol","Defender","Iago Indias","0","0","0","0","0"
"RCD Espanyol","Midfielder","Alfa Semedo","3","0","2","2","21"
"RCD Espanyol","Midfielder","Facundo Ferreyra","9","1","0","4","49"
"RCD Espanyol","Midfielder","Víctor S.","24","1","25","69","533"
"RCD Espanyol","Midfielder","S. Darder","34","4","22","143","1.235"
"RCD Espanyol","Midfielder","Melendo","32","1","13","99","868"
"RCD Espanyol","Midfielder","David López","21","2","28","101","1.207"
"RCD Espanyol","Midfielder","Álex López","4","1","3","10","75"
"RCD Espanyol","Midfielder","M. Roca","35","0","37","236","1.956"
"RCD Espanyol","Midfielder","Granero","28","3","26","132","1.12"
"RCD Espanyol","Midfielder","Carlos Doncel","0","2","0","0","0"
"RCD Espanyol","Midfielder","Víctor Campuzano","0","1","0","0","0"
"RCD Espanyol","Forward","Borja Iglesias","37","17","7","85","674"
"RCD Espanyol","Forward","S. García","29","2","10","59","439"
"RCD Espanyol","Forward","Hernán Pérez","19","1","5","44","222"
"RCD Espanyol","Forward","Piatti","20","0","2","49","233"
"RCD Espanyol","Forward","Puado","15","2","7","21","89"
"RCD Espanyol","Forward","Wu Lei","16","3","7","42","198"
"Real Betis","Goalkeeper","Joel Robles","5","0","0","52","163"
"Real Betis","Goalkeeper","Pau López","33","0","2","280","1.071"
"Real Betis","Defender","Emerson","6","0","7","12","146"
"Real Betis","Defender","Francis G.","22","0","21","79","783"
"Real Betis","Defender","Feddal","21","1","31","106","1.272"
"Real Betis","Defender","Bartra","33","1","60","164","2.266"
"Real Betis","Defender","Sidnei","24","1","41","116","1.243"
"Real Betis","Defender","A. Barragán","14","0","5","37","523"
"Real Betis","Defender","Júnior","24","3","23","105","934"
"Real Betis","Defender","Mandi","35","1","41","143","2.577"
"Real Betis","Defender","Julio Alonso","0","0","0","0","0"
"Real Betis","Defender","Edgar González","0","0","0","0","0"
"Real Betis","Midfielder","Kaptoum","10","1","10","37","324"
"Real Betis","Midfielder","Javi García","13","2","5","29","444"
"Real Betis","Midfielder","Canales","32","7","9","150","1.736"
"Real Betis","Midfielder","Tello Herrera","29","4","16","96","778"
"Real Betis","Midfielder","William Carvalho","30","2","12","202","1.904"
"Real Betis","Midfielder","Joaquín","30","6","14","64","846"
"Real Betis","Midfielder","A. Guardado","31","0","28","155","1.592"
"Real Betis","Midfielder","Giovani Lo Celso","32","9","17","107","1.424"
"Real Betis","Midfielder","Diego Lainez","12","0","1","10","123"
"Real Betis","Midfielder","Adrián Tellado","0","1","0","0","0"
"Real Betis","Midfielder","Irizo","0","0","0","0","0"
"Real Betis","Midfielder","Robert","0","0","0","0","0"
"Real Betis","Midfielder","Diego Altamirano","0","2","0","0","0"
"Real Betis","Midfielder","Jaime Garijo","0","0","0","0","0"
"Real Betis","Midfielder","Paul Akouokou","0","2","0","0","0"
"Real Betis","Forward","Sergio León","16","0","2","19","99"
"Real Betis","Forward","Jesé","14","0","1","20","193"
"Real Betis","Forward","Loren","33","6","6","35","337"
"FC Barcelona","Defender","N. Semedo","22","2","28","91","1218"
"FC Barcelona","Defender","S. Roberto","26","1","44","93","1809"
"Athletic Club","Midfielder","Córdoba","27","1","19","95","358"
"Athletic Club","Defender","San José","36","2","28","90","736"
"Real Madrid","Defender","Marcelo","23","1","14","117","1235"
"Real Madrid","Defender","Nacho","16","2","26","110","861"
"FC Barcelona","Defender","Clement Lenglet","26","2","22","109","1279"
"FC Barcelona","Midfielder","Arthur","27","2","12","115","1027"
"FC Barcelona","Midfielder","Vidal","34","6","29","109","1417"
"Athletic Club","Midfielder","De Marcos","23","0","30","132","1214"
"Athletic Club","Midfielder","Raúl García","35","9","21","131","977"
"Athletic Club","Midfielder","Ibai","38","8","10","139","752"
"Athletic Club","Defender","Yeray","28","2","64","123","1077"
"Real Madrid","Defender","Carvajal","30","0","22","127","1702"
"Athletic Club","Forward","Muniain ","34","8","11","173","1045"
"Real Madrid","Defender","Sergio Ramos","30","5","33","151","1794"
"Real Madrid","Midfielder","Kroos","25","1","15","161","1782"
"Real Madrid","Midfielder","Modrić","38","7","31","158","1673"
"Real Madrid","Defender","Varane","38","0","19","163","1901"
"Athletic Club","Midfielder","Beñat","23","0","21","153","1144"
"Athletic Club","Defender","I. Martínez","38","2","70","188","1279"
"FC Barcelona","Midfielder","Sergio","33","1","55","198","2574"
"Athletic Club","Midfielder","Dani García","28","0","41","180","1417"
"Real Madrid","Goalkeeper","Courtois","29","0","0","194","791"
"Real Madrid","Midfielder","Casemiro","25","6","41","207","1783"
"FC Barcelona","Defender","Jordi Alba","31","1","64","194","2319"
"FC Barcelona","Midfielder","I. Rakitić","32","5","51","209","2080"
"Athletic Club","Goalkeeper","Herrerín","32","0","1","226","926"
"FC Barcelona","Goalkeeper","Ter Stegen","37","0","1","241","992"
"Athletic Club","Defender","Yuri B.","31","1","50","277","1285"
"FC Barcelona","Defender","Piqué","35","7","44","277","2398"
"Real Sociedad","Goalkeeper","Andoni Zubiaurre","0","0","0","0","0"
"Real Sociedad","Goalkeeper","Gero Rulli","27","0","1","229","983"
"Real Sociedad","Goalkeeper","Moyà","11","0","1","84","326"
"Real Sociedad","Defender","Zaldúa","26","1","38","90","899"
"Real Sociedad","Defender","Llorente R.","21","0","26","95","1.098"
"Real Sociedad","Defender","H.Moreno","25","1","31","95","1.192"
"Real Sociedad","Defender","Aritz","27","1","39","137","1.108"
"Real Sociedad","Defender","Gorosabel","7","0","4","23","210"
"Real Sociedad","Defender","Theo","24","1","33","126","909"
"Real Sociedad","Defender","Rodrigues","7","0","8","31","181"
"Real Sociedad","Defender","Raúl Navas","16","0","20","97","864"
"Real Sociedad","Defender","Robin Le Normand","4","0","4","18","220"
"Real Sociedad","Defender","Aihen Muñoz","11","0","7","42","399"
"Real Sociedad","Defender","Alex Sola","1","0","1","12","52"
"Real Sociedad","Midfielder","Ander Guevara","1","2","1","5","42"
"Real Sociedad","Midfielder","Illarramendi","23","2","31","182","1.238"
"Real Sociedad","Midfielder","Zubeldia","33","0","45","200","1.2"
"Real Sociedad","Midfielder","Merino","29","3","29","156","1.089"
"Real Sociedad","Midfielder","R. Pardo","24","0","22","86","805"
"Real Sociedad","Midfielder","Merquelanz","1","2","0","1","0"
"Real Sociedad","Midfielder","Zurutuza","21","1","24","88","603"
"Real Sociedad","Midfielder","Sangalli ","18","2","5","65","361"
"Real Sociedad","Midfielder","Roberto López","1","2","1","0","3"
"Real Sociedad","Midfielder","Näis Djouahra","0","0","0","0","0"
"Real Sociedad","Midfielder","Ander Barrenetxea","9","1","4","18","105"
"Real Sociedad","Midfielder","Martín Zubimendi","1","1","0","1","4"
"Real Sociedad","Midfielder","Zourdine Thior","0","1","0","0","0"
"Real Sociedad","Forward","Juanmi","30","5","17","62","359"
"Real Sociedad","Forward","Oyarzabal","37","13","14","137","924"
"Real Sociedad","Forward","Januzaj","20","0","6","59","431"
"Real Sociedad","Forward","Willian J.","31","11","1","62","755"
"Real Sociedad","Forward","Bautista","18","2","5","14","136"
"Real Sociedad","Forward","Sandro","24","2","9","68","342"
"SD Eibar","Goalkeeper","Dmitrović","24","0","2","248","692"
"SD Eibar","Goalkeeper","Riesgo","14","0","0","136","347"
"SD Eibar","Defender","J. Calavera","1","0","0","0","0"
"SD Eibar","Defender","Bigas","10","0","8","29","296"
"SD Eibar","Defender","N. E. Ramis ","21","0","20","117","809"
"SD Eibar","Defender","Paulo","28","0","36","123","1.01"
"SD Eibar","Defender","Cote","35","1","41","234","1.488"
"SD Eibar","Defender","Cucurella","31","1","20","146","848"
"SD Eibar","Defender","Arbilla","25","1","46","151","1.116"
"SD Eibar","Midfielder","Escalante","32","4","21","106","756"
"SD Eibar","Midfielder","Sergio A.","19","0","17","76","498"
"SD Eibar","Midfielder","P. Diop","28","1","37","170","1.129"
"SD Eibar","Midfielder","R. Peña","31","1","36","214","1.349"
"SD Eibar","Midfielder","Orellana","33","3","19","190","1.164"
"SD Eibar","Midfielder","De Blasis","24","1","13","99","641"
"SD Eibar","Midfielder","P. León","9","1","4","22","122"
"SD Eibar","Midfielder","Pere Milla","5","1","2","21","114"
"SD Eibar","Midfielder","Jordán","36","4","33","249","1.684"
"SD Eibar","Midfielder","Miguel Marí","2","1","1","5","40"
"SD Eibar","Forward","Marc","17","3","1","33","165"
"SD Eibar","Forward","Sergi Enrich","35","7","6","94","925"
"SD Eibar","Forward","Kike G.","30","3","4","48","394"
"SD Eibar","Forward","Charles L.","34","14","4","54","545"
"SD Huesca","Goalkeeper","Javi Varas","0","0","0","0","0"
"SD Huesca","Goalkeeper","Santamaría","20","0","1","152","546"
"SD Huesca","Goalkeeper","Jovanović","12","0","1","68","309"
"SD Huesca","Defender","Mantovani","9","2","22","23","226"
"SD Huesca","Defender","Etxeita","31","4","39","114","882"
"SD Huesca","Defender","Diéguez","9","0","12","35","204"
"SD Huesca","Defender","J. Pulido","32","3","50","134","921"
"SD Huesca","Defender","Akapo","13","0","22","54","348"
"SD Huesca","Defender","Luisinho","7","0","16","27","195"
"SD Huesca","Defender","Insua","10","0","12","32","246"
"SD Huesca","Defender","Miramón","30","1","44","223","983"
"SD Huesca","Midfielder","Aguilera","6","0","4","27","184"
"SD Huesca","Midfielder","Moi Gómez","36","1","28","252","1.42"
"SD Huesca","Midfielder","Ferreiro","35","1","24","145","739"
"SD Huesca","Midfielder","Melero","22","2","2","96","716"
"SD Huesca","Midfielder","Camacho","3","2","0","4","22"
"SD Huesca","Midfielder","Álex Gallar","25","4","9","74","407"
"SD Huesca","Midfielder","Javi Galán","16","1","19","95","396"
"SD Huesca","Midfielder","Rivera","22","1","32","136","682"
"SD Huesca","Midfielder","Juanpi","14","0","5","42","217"
"SD Huesca","Midfielder","Herrera","16","2","14","85","433"
"SD Huesca","Midfielder","Musto","24","2","35","97","775"
"SD Huesca","Forward","Cucho Hernández","34","4","9","86","544"
"SD Huesca","Forward","Chimy Ávila","34","10","13","75","523"
"SD Huesca","Forward","Enric Gallego","19","5","8","45","374"
"Sevilla FC","Goalkeeper","Tomáš Vaclík","33","0","0","284","813"
"Sevilla FC","Goalkeeper","Juan Soriano","4","0","1","44","119"
"Sevilla FC","Goalkeeper","Javier Díaz","1","0","0","7","21"
"Sevilla FC","Defender","Sergi Gómez","32","0","41","124","1.457"
"Sevilla FC","Defender","Kjaer","26","0","27","108","907"
"Sevilla FC","Defender","Carriço","24","1","31","118","1.001"
"Sevilla FC","Defender","Maximilian Wöber","7","0","7","35","260"
"Sevilla FC","Defender","Escudero","21","0","25","98","744"
"Sevilla FC","Defender","Arana","9","0","9","35","220"
"Sevilla FC","Defender","Gnagnon","7","0","11","30","258"
"Sevilla FC","Defender","Mercado","23","2","26","80","744"
"Sevilla FC","Midfielder","Amadou","17","0","11","45","352"
"Sevilla FC","Midfielder","R. Mesa","31","1","14","153","914"
"Sevilla FC","Midfielder","Banega","32","3","28","290","2.091"
"Sevilla FC","Midfielder","Aleix Vidal","11","0","4","31","251"
"Sevilla FC","Midfielder","Gonalons","10","0","5","36","333"
"Sevilla FC","Midfielder","J. Navas","32","2","30","172","1.418"
"Sevilla FC","Midfielder","Sarabia","33","12","22","141","1.208"
"Sevilla FC","Midfielder","Marko Rog","10","0","8","37","206"
"Sevilla FC","Midfielder","Vázquez","34","3","24","153","1.068"
"Sevilla FC","Midfielder","Bryan Gil Salvatierra","11","2","1","11","65"
"Sevilla FC","Forward","Nolito","4","2","0","2","27"
"Sevilla FC","Forward","Ben Yedder","35","18","11","93","755"
"Sevilla FC","Forward","André Silva","27","9","3","57","538"
"Sevilla FC","Forward","Munir","23","6","6","38","376"
"Sevilla FC","Forward","Promes","33","1","25","112","757"
"Valencia CF","Goalkeeper","Domenech","4","0","0","34","73"
"Valencia CF","Goalkeeper","Neto","34","0","1","272","691"
"Valencia CF","Defender","Roncaglia","19","0","30","110","806"
"Valencia CF","Defender","Gabriel Paulista","30","0","70","158","1.298"
"Valencia CF","Defender","Diakhaby","22","2","20","96","696"
"Valencia CF","Defender","Gayá","35","1","43","192","1.451"
"Valencia CF","Defender","Lato","4","0","6","19","141"
"Valencia CF","Defender","Piccini ","23","1","27","120","771"
"Valencia CF","Defender","Garay","24","2","17","89","1.07"
"Valencia CF","Defender","Hugo Guillamón","0","0","0","0","0"
"Valencia CF","Midfielder","Kondogbia","19","0","27","100","744"
"Valencia CF","Midfielder","Gonçalo Guedes","25","5","7","82","598"
"Valencia CF","Midfielder","Carlos Soler","31","2","19","149","902"
"Valencia CF","Midfielder","Parejo","36","9","46","270","2.215"
"Valencia CF","Midfielder","Chéryshev","27","2","15","113","606"
"Valencia CF","Midfielder","Lee Kang-In","3","1","1","2","13"
"Valencia CF","Midfielder","Coquelin","26","0","49","162","967"
"Valencia CF","Midfielder","Wass","32","0","34","130","1.148"
"Valencia CF","Midfielder","Fran Navarro","0","1","0","0","0"
"Valencia CF","Forward","Gameiro","33","6","5","43","422"
"Valencia CF","Forward","Rodrigo","33","8","3","74","829"
"Valencia CF","Forward","Ferrán","24","1","10","50","292"
"Valencia CF","Forward","S. Mina","30","7","4","53","463"
"Valencia CF","Forward","Sobrino","24","3","3","34","281"
"Villarreal CF","Goalkeeper","S. Asenjo ","32","0","3","248","686"
"Villarreal CF","Goalkeeper","Andrés Fdez","6","0","0","48","171"
"Villarreal CF","Goalkeeper","Barbosa","0","0","0","0","0"
"Villarreal CF","Defender","Quintillà","7","0","8","29","279"
"Villarreal CF","Defender","Mario Gaspar","31","1","42","118","1.053"
"Villarreal CF","Defender","Álvaro ","33","1","37","128","1.496"
"Villarreal CF","Defender","Funes Mori","31","2","45","175","1.212"
"Villarreal CF","Defender","Víctor Ruiz","22","0","38","117","1.197"
"Villarreal CF","Defender","J. Costa","21","1","21","82","778"
"Villarreal CF","Defender","Miguelón","8","0","12","30","163"
"Villarreal CF","Defender","Bonera","5","0","4","9","93"
"Villarreal CF","Midfielder","Manuel Morlanes","10","0","5","48","320"
"Villarreal CF","Midfielder","Cáseres","23","1","14","98","862"
"Villarreal CF","Midfielder","P. Fornals","35","0","24","163","1.13"
"Villarreal CF","Midfielder","Iborra","19","3","22","119","791"
"Villarreal CF","Midfielder","M. Trigueros","24","2","16","106","983"
"Villarreal CF","Midfielder","Pedraza","34","3","29","105","710"
"Villarreal CF","Midfielder","Javi Fuego","5","1","3","15","144"
"Villarreal CF","Midfielder","S. Cazorla","35","4","28","201","1.573"
"Villarreal CF","Midfielder","Bruno","0","1","0","0","0"
"Villarreal CF","Midfielder","Raba","8","0","1","17","93"
"Villarreal CF","Midfielder","Samuel Chukwueze","26","5","10","102","504"
"Villarreal CF","Midfielder","Iván Martín","0","0","0","0","0"
"Villarreal CF","Midfielder","Andrei Ratiu","0","1","0","0","0"
"Villarreal CF","Forward","Gerard","35","8","9","89","740"
"Villarreal CF","Forward","Bacca","33","6","8","30","270"
"Villarreal CF","Forward","Toko Ekambi","34","10","11","63","501"
